,id,gender,height,weight,siblings,test,grade
0,330,M,164,63,3,62,C
1,278,F,162,44,2,79,B
2,160,M,185,75,1,62,C
3,225,F,154,40,1,44,F
4,322,F,154,37,1,75,B
5,139,F,167,50,1,66,C
6,243,F,166,40,1,72,B
7,224,F,158,49,2,49,F
8,273,F,162,48,3,79,B
9,365,M,183,70,0,80,A
10,195,F,164,61,3,64,C
11,120,M,166,58,2,96,A
12,187,F,161,48,2,96,A
13,328,F,165,67,2,94,A
14,157,F,162,49,1,73,B
15,251,F,166,44,0,81,A
16,110,F,160,44,2,71,B
17,212,M,175,69,3,57,D
18,147,M,168,58,1,87,A
19,210,F,166,55,2,56,D
20,361,F,163,52,2,69,C
21,368,M,165,62,0,80,A
22,348,M,172,55,2,85,A
23,192,F,158,48,0,88,A
24,333,F,172,51,3,84,A
25,256,F,163,53,1,53,D
26,293,M,182,58,2,63,C
27,287,M,174,52,1,71,B
28,138,F,158,43,1,73,B
29,128,F,171,57,3,42,F
30,258,F,161,61,1,65,C
31,357,F,159,47,1,52,D
32,134,M,175,85,2,95,A
33,132,F,163,53,1,76,B
34,373,F,162,52,3,67,C
35,247,F,160,45,2,66,C
36,228,F,170,50,2,68,C
37,113,F,161,45,1,43,F
38,388,M,170,59,1,86,A
39,268,F,157,51,1,73,B
40,280,M,183,70,2,79,B
41,340,F,165,49,3,74,B
42,312,F,154,48,2,94,A
43,250,F,158,51,1,59,D
44,307,M,182,78,1,60,C
45,349,M,170,68,1,74,B
46,323,F,154,50,2,69,C
47,177,M,176,58,0,88,A
48,289,F,159,59,2,23,F
49,379,M,180,64,1,63,C
50,190,M,170,59,2,96,A
51,336,M,176,64,1,35,F
52,257,F,155,43,2,80,A
53,149,M,176,65,2,74,B
54,319,F,161,50,2,70,B
55,382,M,179,68,0,76,B
56,245,F,169,63,3,91,A
57,129,F,155,45,1,95,A
58,231,F,163,45,1,49,F
59,106,F,152,40,2,75,B
60,234,F,172,64,1,76,B
61,385,F,170,62,2,66,C
62,356,M,177,76,3,65,C
63,386,F,164,49,2,94,A
64,341,F,157,52,1,81,A
65,331,F,169,57,0,69,C
66,142,F,164,54,3,90,A
67,351,M,180,70,1,67,C
68,181,M,182,70,2,78,B
69,146,M,167,72,1,52,D
70,237,F,161,62,1,62,C
71,272,M,181,62,1,68,C
72,121,F,165,65,1,53,D
73,116,M,171,65,1,47,F
74,166,M,180,56,1,74,B
75,353,M,181,71,1,71,B
76,374,M,168,59,1,54,D
77,204,F,156,49,1,54,D
78,124,F,163,48,1,47,F
79,143,F,168,46,1,65,C
80,327,F,153,43,1,61,C
81,131,F,164,50,2,87,A
82,169,F,164,48,2,91,A
83,176,M,174,68,1,72,B
84,304,F,153,49,2,87,A
85,260,F,156,51,1,66,C
86,150,F,158,56,1,61,C
87,362,M,174,66,1,71,B
88,194,F,165,55,1,54,D
89,188,F,167,50,1,64,C
90,366,M,178,73,1,61,C
91,305,M,182,69,2,73,B
92,236,F,160,49,1,58,D
93,168,F,158,53,2,51,D
94,127,F,156,41,1,69,C
95,376,F,158,47,3,82,A
96,112,F,167,54,1,70,B
97,276,F,160,49,0,40,F
98,298,M,175,70,1,60,C
99,174,F,158,44,3,76,B
100,332,M,166,69,2,69,C
101,381,M,169,58,1,70,B
102,263,F,156,47,0,73,B
103,387,F,162,54,3,58,D
104,290,M,175,73,2,47,F
105,321,M,173,69,0,49,F
106,213,F,161,47,2,56,D
107,206,F,165,60,1,61,C
108,200,F,153,46,1,44,F
109,193,M,168,60,3,62,C
110,343,M,176,82,1,74,B
111,346,F,163,58,2,78,B
112,163,F,168,50,2,88,A
113,156,F,155,40,1,90,A
114,104,M,178,58,1,57,D
115,297,M,170,57,1,78,B
116,354,F,157,41,1,64,C
117,217,M,179,66,3,90,A
118,126,F,163,75,3,47,F
119,218,M,168,57,1,80,A
120,158,M,168,60,2,55,D
121,281,F,164,49,1,97,A
122,255,F,163,48,2,50,D
123,303,M,182,74,2,93,A
124,253,F,162,56,1,54,D
125,301,M,170,61,3,76,B
126,261,F,167,56,1,55,D
127,179,M,162,70,0,97,A
128,119,F,169,49,1,89,A
129,202,M,174,65,0,50,D
130,215,F,153,55,3,94,A
131,372,M,171,56,1,45,F
132,244,F,166,47,1,65,C
133,207,M,166,73,1,69,C
134,308,F,158,57,1,51,D
135,183,M,177,62,2,63,C
136,122,F,160,48,1,68,C
137,233,M,177,67,1,87,A
138,123,M,172,71,2,40,F
139,208,M,174,69,2,44,F
140,283,M,180,79,1,80,A
141,136,F,168,70,1,72,B
142,171,M,179,72,1,42,F
143,235,F,163,50,1,72,B
144,180,F,154,52,1,84,A
145,347,M,174,64,1,65,C
146,159,F,160,52,1,71,B
147,227,M,172,60,2,64,C
148,370,F,166,56,1,71,B
149,196,M,169,55,3,43,F
150,262,M,176,71,2,66,C
151,363,M,178,44,2,97,A
152,211,M,173,68,1,43,F
153,252,F,164,49,2,74,B
154,178,M,179,82,2,68,C
155,103,F,167,57,1,74,B
156,266,M,174,67,2,91,A
157,167,F,168,50,1,43,F
158,209,M,183,56,1,55,D
159,240,M,170,53,1,79,B
160,148,M,174,58,2,54,D
161,172,M,167,71,1,85,A
162,279,F,157,43,2,58,D
163,205,M,168,67,3,93,A
164,302,M,175,78,0,92,A
165,269,M,168,62,2,64,C
166,108,F,155,37,0,51,D
167,182,F,154,50,1,42,F
168,317,M,175,64,2,66,C
169,111,F,161,41,3,98,A
170,221,F,159,35,3,55,D
171,109,M,170,67,1,69,C
172,306,F,156,46,2,59,D
173,191,F,165,47,2,71,B
174,165,F,154,45,2,98,A
175,311,F,160,56,1,82,A
176,378,M,176,69,1,49,F
177,352,M,176,76,2,65,C
178,220,M,168,66,1,95,A
179,284,F,156,46,1,98,A
180,101,F,155,48,2,86,A
181,249,F,146,35,1,84,A
182,175,M,178,72,2,64,C
183,248,M,181,66,1,42,F
184,189,M,168,64,1,80,A
185,324,M,179,70,0,75,B
186,316,F,159,53,0,62,C
187,325,M,176,66,1,71,B
188,318,M,175,67,1,65,C
189,216,F,164,48,1,52,D
190,133,F,170,60,2,48,F
191,197,F,163,45,0,55,D
192,137,M,172,62,1,76,B
193,226,F,161,43,2,95,A
194,299,F,178,55,1,47,F
195,375,F,173,56,1,85,A
196,277,F,170,67,1,74,B
197,371,F,164,54,1,76,B
198,117,F,169,56,1,64,C
199,164,M,179,70,2,50,D
200,264,M,183,72,1,65,C
201,344,F,164,46,2,38,F
202,144,M,175,73,1,73,B
203,285,M,184,67,3,54,D
204,238,M,175,60,0,71,B
205,230,F,156,48,1,74,B
206,339,M,169,64,3,77,B
207,184,F,157,45,1,47,F
208,367,M,186,65,3,93,A
209,313,F,167,51,1,82,A
210,291,M,178,62,1,79,B
211,309,F,170,54,2,68,C
212,239,M,178,68,2,60,C
213,295,M,168,73,1,68,C
214,105,F,159,46,0,84,A
215,222,F,160,60,1,69,C
216,135,F,160,50,3,49,F
217,380,M,171,56,2,78,B
218,358,M,174,72,3,77,B
219,369,M,166,63,1,79,B
220,153,F,155,46,1,74,B
221,265,M,164,55,1,73,B
222,145,M,173,63,1,87,A
223,141,M,172,55,2,98,A
224,315,F,153,46,0,59,D
225,140,M,172,60,1,73,B
226,151,F,170,55,1,83,A
227,286,F,154,47,2,58,D
228,246,M,168,58,2,73,B
229,173,F,172,58,2,86,A
230,198,F,156,50,0,79,B
231,242,M,171,56,2,72,B
232,294,F,161,45,1,63,C
233,359,F,160,50,1,47,F
234,229,M,176,68,3,54,D
235,292,F,165,47,1,66,C
236,219,M,182,67,1,65,C
237,282,F,163,35,1,43,F
238,345,F,156,42,0,46,F
239,254,M,173,84,2,85,A
240,329,M,176,73,1,80,A
241,296,F,166,67,2,74,B
242,185,F,160,51,2,75,B
243,335,F,148,44,2,63,C
244,152,M,165,65,2,45,F
245,186,F,158,42,2,84,A
246,114,F,162,52,1,44,F
247,320,M,171,68,3,65,C
248,314,M,166,63,1,68,C
249,162,F,158,58,3,73,B
250,271,F,168,58,2,48,F
251,355,F,158,45,2,68,C
252,223,M,175,54,2,45,F
253,350,F,166,48,1,41,F
254,383,M,166,64,2,76,B
255,377,M,175,72,3,72,B
256,107,M,178,60,1,86,A
257,342,M,169,69,1,90,A
258,170,F,152,49,2,60,C
259,125,F,167,52,1,78,B
260,115,F,158,52,0,97,A
261,338,M,172,65,1,58,D
262,337,F,161,42,1,72,B
263,274,F,165,57,1,92,A
264,267,M,169,65,1,87,A
265,259,F,163,51,1,59,D
266,334,F,163,53,0,70,B
267,384,F,165,49,1,63,C
268,118,F,155,44,1,83,A
269,214,F,171,55,2,69,C
270,326,F,164,44,2,55,D
271,288,F,159,60,3,60,C
272,201,M,165,67,1,49,F
273,154,F,158,45,3,79,B
274,199,M,177,67,2,50,D
275,102,M,173,61,0,64,C
276,161,F,158,52,2,83,A
277,275,F,168,49,2,73,B
278,155,F,152,60,2,73,B
279,241,M,179,77,1,52,D
280,360,F,169,56,2,83,A
281,203,M,169,49,1,78,B
282,270,F,158,44,1,72,B
283,310,M,178,74,2,83,A
284,364,M,162,73,2,55,D
285,130,M,171,66,0,59,D
286,300,M,163,56,3,68,C
287,232,F,161,48,1,77,B
